{"ProjectBreakpoints":"{\"Value\":{\"Main.xaml\":[{\"ConditionalExpression\":null,\"ActionExpression\":null,\"ExpectedHitCounter\":null,\"ShouldContinueAfterAction\":false,\"BreakpointType\":1,\"LocationIdentifier\":\"Invoke CloseAllApplications workflow\",\"IsEnabled\":true,\"Annotation\":null,\"Id\":\"70e4a469-e0ca-4bc4-bb65-869708940f43\",\"ActivityIdRef\":\"InvokeWorkflowFile_21\",\"ActivityId\":\"1.455\",\"ActivityName\":\"Invoke CloseAllApplications workflow\",\"IsTransient\":false}]},\"CodeBreakpoints\":{}}","OpenedDocuments":"[{\"DocumentPath\":\"Main.xaml\",\"FactoryId\":\"{ACB8E7BA-F093-44C1-9B50-33ECA51AAE16}\"}]","ProjectActivitiesViewState":"{}","Compiler":"2","ProjectWatches":"{\"Value\":[]}"}